% Model,HG360_full_setoresRadiador_F7_30mm_ext_simul12_S26.mph
% Version,COMSOL 5.5.0.292
% Date,"Oct 15 2025, 13:35"
% Dimension,2
% Nodes,1108
% Expressions,1
% Description,Surface
% surf3x,surf3y,Color
-689.9156858763934,-41.36400253749699,4.831970543282498E-4
-746.6104572509665,-16.46489058055356,-0.0025330169183099918
-803.3052286255395,8.434221376389864,-0.005549230890948232
-860.0000000001125,33.33333333333329,-0.008565444863586475
-746.6104572509727,-94.24266835833131,-0.0014937523171851825
-803.3052286255455,-69.34355640138789,-0.004509966289823424
-860.0000000001186,-44.44444444444445,-0.007526180262461665
-803.3052286255518,-147.12133417916561,-0.003470701688698615
-860.0000000001247,-122.2222222222222,-0.006486915661336856
-860.0000000001309,-199.99999999999994,-0.0054476510602120476
-665.4228513111767,-94.24266835833133,0.0011309033064820218
-722.1176226857558,-147.12133417916561,-8.460460650314107E-4
-778.812394060335,-199.99999999999994,-0.0028229954365448437
-640.9300167459601,-147.12133417916564,0.0017786095586357939
-697.6247881205392,-199.99999999999994,-1.9833981287763886E-4
-616.4371821807434,-199.99999999999997,0.0024263158107895658
-793.5433813355642,68.84075180256339,-0.005136181651423481
-727.0867626710157,104.34817027179348,-0.00170691843926049
-660.6301440064672,139.85558874102358,0.0017223447729025024
-860.0000000001125,111.11111111111109,-0.009028663874513938
-793.5433813355642,146.61852958034117,-0.005599400662350945
-727.0867626710155,182.12594804957126,-0.0021701374501879524
-860.0000000001125,188.88888888888889,-0.0094918828854414
-793.543381335564,224.39630735811897,-0.006062619673278408
-860.0000000001125,266.6666666666667,-0.009955101896368864
-680.153838586418,19.042527888676528,8.962462938530007E-4
-670.3919912964426,79.44905831485005,0.0013092955333777517
-736.848609960991,43.94163984561996,-0.0021199676787852406
-686.9862658554196,3629.9836619531984,0.1967438618925984
-744.6575105703173,3675.5446635243543,0.49599629293625014
-802.3287552852148,3721.10566509551,0.7952487239799018
-860.0000000001124,3766.666666666666,1.0945011550235535
-744.6575105703173,3597.766885746577,-1.341939561782474
-802.3287552852148,3643.327887317733,-1.0426871307388226
-860.0000000001124,3688.8888888888887,-0.743434699695171
-802.3287552852148,3565.550109539955,-2.8806229854575474
-860.0000000001124,3611.111111111111,-2.581370554413895
-860.0000000001124,3533.333333333333,-4.41930640913262
-615.0538260290773,-31.917900222309413,2.0622342113946085E-4
-590.5609914638607,-84.79656604314373,8.539296732932327E-4
-566.068156898644,-137.67523186397807,0.001501635925447005
-540.1919661817611,-22.471797907121836,-7.075021204932817E-5
-515.6991316165445,-75.35046372795615,5.769560401044437E-4
-465.3301063344451,-13.025695591934257,-3.477238452381172E-4
-605.2919787391019,28.488630203864115,6.192726606642116E-4
-530.4301188917857,37.93473251905169,3.4229902747542266E-4
-595.5301314491263,88.89516063003764,0.0010323219001889625
-418.72941839725996,-75.35046372795615,-3.459129620642471E-4
-469.09844367935943,-137.67523186397807,5.787669232783138E-4
-519.4674689614587,-199.99999999999997,0.001503446808620875
-372.1287304600748,-137.67523186397807,-3.44102078890377E-4
-422.4977557421742,-199.99999999999997,5.80577806452184E-4
-325.52804252288956,-199.99999999999997,-3.4229119571650685E-4
-860.0000000001125,499.99999999999983,-0.013038609286187719
-860.0000000001125,422.2222222222222,-0.012010773489581435
-860.0000000001125,344.4444444444444,-0.010982937692975148
-784.470624275448,463.4927487053434,-0.008825468753470345
-784.4706242754479,385.7149709275656,-0.00779763295686406
-784.4706242754479,307.9371931497879,-0.006769797160257774
-708.9412485507834,426.9854974106869,-0.00461232822075297
-708.9412485507834,349.2077196329091,-0.003584492424146685
-633.4118728261187,390.4782461160304,-3.991876880355967E-4
-651.557386946351,223.39647453269254,0.001015167285923136
-642.4846298862349,306.9373603243614,3.079897989437697E-4
-718.0140056108994,265.6668338412402,-0.0028773149371673187
-860.0000000001125,733.333333333333,-0.006282895403658654
-860.0000000001125,655.5555555555553,-0.00853480003116834
-860.0000000001125,577.7777777777776,-0.01078670465867803
-785.6509352390401,702.8079916994019,-0.003324485353240256
-785.65093523904,625.0302139216242,-0.005576389980749945
-785.65093523904,547.2524361438464,-0.007828294608259633
-711.3018704779674,672.2826500654708,-3.66075302821859E-4
-711.3018704779674,594.5048722876929,-0.0026179799303315474
-636.952805716895,641.7573084315395,0.002592334747596538
-634.5921837897109,474.2379335545335,5.979864571751149E-4
-635.7724947533029,557.9976209930365,0.0015951606023858265
-710.1215595143753,510.74518484918985,-0.003615154075542259
-785.8899115742884,771.1078468002185,-0.0036638386495420816
-711.7798231484641,808.8823602671039,-0.0010447818954255087
-637.6697347226398,846.6568737339894,0.0015742748586910634
-860.0000000001125,811.1111111111109,-0.008938470290911174
-785.8899115742884,848.8856245779963,-0.006319413536794602
-711.779823148464,886.6601380448817,-0.0037003567826780293
-860.0000000001125,888.8888888888887,-0.011594045178163695
-785.8899115742882,926.6634023557741,-0.008974988424047124
-860.0000000001125,966.6666666666665,-0.014249620065416217
-637.1917820521433,710.0571635323562,0.0022529814512947137
-637.4307583873915,778.3570186331729,0.0019136281549928884
-711.5408468132157,740.5825051662873,-7.054285991236835E-4
-860.0000000001123,2833.333333333333,200.62999511501195
-786.8057526082235,2861.983426877598,160.94151358282068
-713.6115052163346,2890.633520421863,121.25303205062939
-640.4172578244456,2919.283613966128,81.56455051843811
-860.0000000001124,2911.1111111111113,184.66508570017243
-786.8057526082235,2939.761204655376,144.97660416798112
-713.6115052163345,2968.411298199641,105.28812263578985
-860.0000000001124,2988.888888888889,168.70017628533284
-786.8057526082235,3017.538982433154,129.01169475314157
-860.0000000001124,3066.666666666667,152.73526687049332
-860.0000000001124,1433.3333333333328,0.23859318943915495
-860.0000000001125,1355.5555555555552,0.14932943333188506
-860.0000000001125,1277.7777777777774,0.06006567722461514
-860.0000000001124,1199.9999999999995,-0.029198078882654802
-785.4020278202481,1394.661963934984,0.19962084105934305
-785.402027820248,1316.884186157206,0.11035708495207314
-785.402027820248,1239.1064083794283,0.0210933288448032
-710.8040556403836,1355.990594536635,0.16064849267953113
-710.8040556403835,1278.2128167588571,0.0713847365722612
-636.2060834605192,1317.319225138286,0.1216761442997192
-806.416531902025,3784.328238614728,0.7079714409681592
-752.8330638039372,3801.9898105627894,0.32144172691276485
-699.2495957058496,3819.651382510851,-0.0650879871426295
-860.000000000121,3844.4444444444443,0.2906680243652469
-806.4165319020333,3862.1060163925054,-0.09586168969014743
-752.8330638039456,3879.7675883405673,-0.4823914037455418
-860.0000000001295,3922.222222222222,-0.5131651062930598
-806.4165319020418,3939.8837941702827,-0.8996948203484542
-860.0000000001379,3999.9999999999995,-1.3169982369513666
-695.1618190890397,3756.4288089916336,0.022189295869113123
-748.7452871871272,3738.767237043572,0.4087190099245075
-691.0740424722296,3693.2062354724158,0.10946657888085577
-621.5701533038813,3999.999999999999,-0.6319322874390717
-701.0467688693002,3999.9999999999995,-0.86028760394317
-780.5233844347189,3999.9999999999995,-1.0886429204472683
-647.4633007712042,3939.883794170283,-0.4429841873402576
-726.9399163366229,3939.883794170283,-0.6713395038443559
-673.3564482385269,3879.7675883405673,-0.25403608724144355
-457.18217529578476,531.9510292063433,0.002404971793997224
-517.1057187694881,568.5531222814087,0.002467426111863662
-577.0292622431915,605.1552153564741,0.0025298804297301
-515.925407805896,484.7934348429057,0.0014702519666529507
-575.8489512795994,521.3955279179711,0.0015327062845193885
-574.6686403160074,437.635840479468,5.35532139308677E-4
-541.0599568024845,351.6464115970117,-2.1291832157395007E-4
-550.1327138626007,268.1055258053427,4.942591654054162E-4
-559.2054709227168,184.5646400136738,0.0012014366523847827
-448.7080407788504,312.81457707799296,-2.664895511230351E-5
-457.7807978389664,229.273691286324,6.805285318670629E-4
-356.35612475521606,273.9827425589743,1.596204113493431E-4
-423.5734917822619,445.961600323887,0.0016565213331145973
-482.31672429237324,398.80400596044933,7.218015057703236E-4
-389.964808268739,359.97217144143065,9.080708722319701E-4
-429.0054458080354,82.6437837917019,-1.7860909304229713E-4
-392.6807852816257,178.31326317533808,-9.494340846477025E-6
-494.10545836537614,133.60421190268787,5.114137796712428E-4
-783.7847205563769,3102.9009428839513,107.24608343885836
-707.5694411126414,3139.135219101235,61.75690000722338
-631.3541616689056,3175.36949531852,16.26771657558842
-860.0000000001125,3144.444444444445,98.4026006373089
-783.7847205563769,3180.6787206617287,52.91341720567392
-707.5694411126412,3216.912996879013,7.4242337740389415
-860.0000000001125,3222.222222222222,44.069934404124446
-783.7847205563768,3258.4564984395065,-1.4192490275105305
-860.0000000001125,3300,-10.262731829060003
-634.3751937207523,3090.007534867723,38.03332788987164
-710.5904731644879,3053.7732586504385,83.5225113215066
-637.396225772599,3004.6455744169257,59.79893920415488
-790.0533023538735,3333.5004389591845,-8.46141204677749
-720.1066047076345,3367.0008779183686,-6.660092264494974
-650.1599070613955,3400.501316877552,-4.858772482212459
-860.0000000001125,3377.7777777777783,-8.314923355750876
-790.0533023538735,3411.2782167369623,-6.5136035734683615
-720.1066047076345,3444.778655696146,-4.712283791185846
-860.0000000001124,3455.5555555555557,-6.367114882441748
-790.0533023538734,3489.0559945147393,-4.5657951001592325
-674.7108129240783,3553.489546927983,-1.4884282528090875
-732.3820576389759,3521.2727707213617,-3.0271116764841604
-662.4353599927368,3476.995431902768,-3.1736003675107733
-643.8913252638989,3325.457376357875,2.1833905370544984
-713.8380229101379,3291.956937398691,0.38207075477198427
-637.6227434664022,3250.4134358381975,9.225553556321456
-618.4756149314686,3607.168371973257,0.1398670919164588
-606.2001620001272,3530.6742569480416,-1.5453050227852267
-593.9247090687858,3454.180141922826,-3.230477137486913
-549.9649640075176,3584.353081993315,0.08299032194031919
-537.6895110761761,3507.8589669680996,-1.6021817927613666
-481.45431308356655,3561.5377920133733,0.026113551964179582
-629.6641127708335,3806.7843656139135,0.24396282384107754
-560.0786298358173,3793.917348716975,0.5530136348247845
-490.4931469008012,3781.050331820037,0.8620644458084916
-603.7709653035107,3866.900571443629,0.05501472374226349
-534.1854823684945,3854.033554546691,0.3640655347259706
-577.8778178361879,3927.016777273345,-0.13393337635655053
-625.5763361540235,3743.5617920946956,0.3312401068528201
-621.4885595372134,3680.339218575478,0.4185173898645628
-555.9908532190072,3730.6947751977573,0.6402909178365273
-484.4672576893115,3634.7086386155947,0.3047638499122836
-487.48020229505636,3707.8794852178157,0.5834141478603876
-552.9779086132625,3657.5239285955363,0.3616406198884232
-438.95096273555504,3854.033554546692,0.43315588745665257
-387.4087785703088,3927.0167772733457,0.004247329104813547
-335.8665944050626,3999.9999999999995,-0.42466122924702554
-482.64329820324843,3927.0167772733453,-0.06484302362586848
-431.10111403800215,3999.999999999999,-0.4937515819777075
-526.3356336709417,3999.999999999999,-0.5628419347083896
-272.11482449870846,-122.74427133800584,-1.141926133482046E-4
-218.7016064745272,-45.48854267601169,1.139059690200977E-4
-165.28838845034605,31.767185985982465,3.420045513884001E-4
-318.7155124358936,-60.419503201983936,-1.1600349652207472E-4
-265.30229441171235,16.836225460010223,1.120950858462276E-4
-365.3162003730787,1.9052649340379852,-1.1781437969594479E-4
-328.99153984666907,97.57474431767416,5.1300372499875285E-5
-228.9776338853027,112.5057048436464,2.812098380420477E-4
-292.66687932025934,193.24422370131035,2.204151246956954E-4
-110.25978199923462,-45.48854267601168,4.11069129013562E-4
-163.6730000234158,-122.74427133800583,1.829705466452597E-4
-217.08621804759693,-199.99999999999997,-4.512803572304265E-5
-55.231175548123176,-122.74427133800584,4.80133706638724E-4
-108.64439357230432,-199.99999999999997,2.520351242704216E-4
-0.2025690970117248,-200,5.49198284263886E-4
-562.2218764000959,672.9414661762934,0.0024479902084700777
-487.4909470832968,704.125623921047,0.002303645669343617
-412.76001776649775,735.3097816658009,0.002159301130217157
-562.4608527353441,741.2413212771099,0.0021086369121682534
-487.72992341854507,772.4254790218638,0.001964292373041793
-562.6998290705924,809.5411763779266,0.0017692836158664281
-442.3747894526891,599.7372800261626,0.002323081572737202
-427.5674036095934,667.5235308459817,0.0022411913514771794
-502.2983329263925,636.3393731012279,0.0023855358906036397
-408.7514137688581,811.1243747724691,0.001550009709867223
-404.7428097712184,886.9389678791372,9.407182895172892E-4
-400.73420577357865,962.7535609858053,3.314268691673552E-4
-483.7213194209054,848.2400721285319,0.0013550009526918586
-479.7127154232657,924.0546652352001,7.457095323419247E-4
-558.6912250729526,885.3557694845947,0.0011599921955164942
-789.1639648740239,998.8186380917831,-0.0188221671711921
-718.3279297479352,1030.9706095168992,-0.023394714276967984
-647.4918946218465,1063.1225809420157,-0.02796726138274386
-860.0000000001125,1044.4444444444441,-0.019232439671162414
-789.1639648740238,1076.5964158695604,-0.023804986776938295
-718.3279297479352,1108.7483872946768,-0.028377533882714176
-860.0000000001124,1122.2222222222217,-0.024215259276908607
-789.1639648740237,1154.3741936473382,-0.028787806382684487
-714.5659926941595,1193.480602026767,0.021503601344773516
-643.7299575680707,1147.8547956741056,0.021913873844743824
-639.968020514295,1232.5870104061958,0.07179500907223152
-644.217841322111,990.9673452060072,-0.01812008263559889
-715.0538764481996,958.8153737808907,-0.013547535529823006
-640.9437880223754,918.8121094699983,-0.008272903888453913
-561.9652783726884,957.5110052206035,-0.008687186551628482
-482.98676872300126,996.2099009712088,-0.009101469214803051
-565.2393316724239,1029.6662409566122,-0.018534365298773458
-469.58043481758017,1187.6680285663454,-0.016421833143392132
-525.1223176985598,1230.8850940903258,0.029610826004311648
-580.6642005795394,1274.102159614306,0.07564348515201542
-528.8842547523356,1146.1528793582356,-0.020270309223176044
-584.4261376333153,1189.3699448822158,0.025762349924527733
-588.188074687091,1104.6377301501257,-0.024118785302959952
-446.631691802913,1112.6965393728321,-0.010837413139205637
-505.9355117376684,1071.181390164722,-0.014685889218989548
-423.6829487882458,1037.7250501793187,-0.005252993135019142
-782.7111202502737,1468.028521001219,0.07342108321059831
-705.4222405004348,1502.723708669105,-0.09175102301795834
-628.1333607505958,1537.418896336991,-0.256923129246515
-860.0000000001127,1511.1111111111109,-0.05901337770920592
-782.7111202502737,1545.806298778997,-0.22418548393776258
-705.4222405004348,1580.5014864468826,-0.38935759016631927
-860.0000000001127,1588.8888888888887,-0.3566199448575668
-782.7111202502737,1623.5840765567746,-0.5217920510861236
-860.0000000001127,1666.6666666666667,-0.6542265120059279
-633.5151758905447,1390.6857822045208,-0.00452361354902552
-630.8242683205702,1464.0523392707557,-0.13072337139777027
-708.1131480704091,1429.3571516028699,0.03444873483078639
-553.3595802048658,1345.385934402884,0.13164161393885426
-470.5130769492124,1373.4526436674817,0.14160708357798932
-387.66657369355903,1401.5193529320795,0.1515725532171244
-550.6686726348913,1418.7524914691187,0.00544185609010953
-467.82216937923795,1446.8192007337166,0.015407325729244591
-547.9777650649168,1492.1190485353536,-0.12075790175863521
-442.2758144429065,1258.9518033549234,0.0395762956434467
-414.97119406823276,1330.2355781435015,0.09557442443028555
-497.8176973238861,1302.1688688789036,0.08560895479115048
-787.574004673518,1699.6712584996249,-0.5774452024416938
-715.1480093469231,1732.6758503325827,-0.5006638928774599
-642.7220140203284,1765.6804421655409,-0.42388258331322604
-860.0000000001127,1744.4444444444443,0.12596468454792595
-787.5740046735178,1777.4490362774022,0.20274599411215988
-715.148009346923,1810.4536281103601,0.2795273036763939
-860.0000000001124,1822.2222222222217,0.9061558811017798
-787.5740046735177,1855.2268140551796,0.9829371906660138
-860.0000000001123,1899.9999999999993,1.6863470776556337
-637.8591295970842,1689.5932602226908,-0.36822943195765573
-710.285124923679,1656.588668389733,-0.4450107415218896
-632.9962451738401,1613.506078279841,-0.3125762806020854
-784.6711903808507,1938.5839720499837,1.9883975330058385
-709.3423807615889,1977.1679440999678,2.290447988356043
-634.013571142327,2015.7519161499522,2.5924984437062477
-860.0000000001124,1977.7777777777774,0.9593680005229839
-784.6711903808507,2016.3617498277615,1.2614184558731882
-709.3423807615889,2054.9457218777457,1.5634689112233928
-860.0000000001124,2055.555555555555,0.23238892339033376
-784.6711903808507,2094.1395276055396,0.5344393787405383
-860.0000000001124,2133.3333333333335,-0.49459015374231635
-636.9163854349941,1932.3947581551486,1.587038101366423
-712.245195054256,1893.810786105164,1.2849876460162184
-639.8191997276613,1849.0376001603445,0.5815777590265985
-783.5274842719612,2169.3910763563936,-0.21782645886364768
-707.0549685438098,2205.4488193794537,0.05893723601502103
-630.5824528156584,2241.5065624025137,0.33570093089368974
-860.0000000001125,2211.1111111111113,-6.7461772687243196
-783.5274842719612,2247.1688541341714,-6.469413573845651
-707.0549685438098,2283.226597157231,-6.192649878966982
-860.0000000001125,2288.8888888888887,-12.997764383706322
-783.5274842719612,2324.9466319119488,-12.721000688827653
-860.0000000001125,2366.6666666666665,-19.249351498688327
-631.726158924548,2166.2550136516597,1.0879667684978758
-708.1986746526993,2130.1972706285997,0.811203073619207
-632.8698650334375,2091.003464900806,1.8402326061020617
-446.37569383685417,3034.5474121318334,11.612698761886401
-508.0351831142046,3081.4881065273958,13.164371366453741
-569.6946723915552,3128.428800922957,14.716043971021078
-511.0562151660514,2996.1261460765986,34.92998268073697
-572.7157044434018,3043.066840472161,36.481655285304306
-575.7367364952485,2957.7048800213634,58.24726659958753
-860.0000000001125,2599.999999999999,51.5138698543313
-787.1200714349792,2637.9493609339147,47.94620155341162
-714.2401428698456,2675.89872186783,44.378533252491934
-641.3602143047123,2713.848082801745,40.810864951572256
-860.0000000001125,2677.7777777777774,101.21924494122484
-787.1200714349791,2715.7271387116925,97.65157664030517
-714.2401428698456,2753.6764996456077,94.08390833938549
-860.0000000001124,2755.555555555555,150.9246200281184
-787.120071434979,2793.50491648947,147.3569517271987
-640.7315766512013,2850.805103578001,67.97998866281617
-713.9258240430901,2822.1550100337354,107.66847019500744
-641.0458954779567,2782.3265931898727,54.39542680719421
-559.6134131753063,2886.7520183392962,54.465278777937456
-559.9277320020618,2818.273507951168,40.88071692231551
-560.2420508288172,2749.794997563041,27.29615506669355
-478.80956852616697,2854.220422712464,27.366007037436805
-479.12388735292245,2785.741912324336,13.78144518181485
-398.0057238770276,2821.688827085632,0.2667352969361488
-430.252370516912,2963.5945504497663,7.830710940236317
-494.93289184610916,2925.173284394531,31.147994859086886
-414.1290471969698,2892.641688767699,4.048723118586233
-788.3432371328946,2399.4636000244095,-19.996471555450867
-716.6864742656768,2432.2605333821525,-20.7435916122134
-645.0297113984587,2465.0574667398955,-21.490711668975937
-860.0000000001125,2444.4444444444443,4.338388952318211
-788.3432371328946,2477.2413778021873,3.5912688955556753
-716.6864742656767,2510.03831115993,2.8441488387931386
-860.0000000001125,2522.2222222222217,27.926129403324747
-788.3432371328946,2555.0191555799647,27.179009346562214
-642.5833800026278,2630.9178774477955,20.043672744722862
-715.4633085677611,2592.96851651388,23.61134104564254
-643.8065457005433,2547.9876720938455,-0.7235194621265395
-640.2139585375254,2390.540498627435,-14.215240802352728
-711.8707214047432,2357.7435652696918,-13.468120745590191
-635.3982056765919,2316.023530514974,-6.93976993572952
-550.8082643059793,1578.4616281453643,-0.22442111646902158
-473.48316786136274,1619.5043599537378,-0.19191910369152812
-396.15807141674617,1660.547091762111,-0.15941709091403466
-555.6711487292235,1654.5488100882142,-0.2800742678245919
-478.3460522846069,1695.5915418965874,-0.24757225504709846
-560.5340331524676,1730.635992031064,-0.33572741918016225
-393.3275721756839,1574.2045121521007,-0.055753876203648314
-470.6526686203004,1533.1617803437273,-0.08825588898114176
-390.49707293462143,1487.86193254209,0.04790933850673805
-472.02157412151706,1887.053010086096,-0.5758502793217377
-526.0189064617871,1929.952645440715,0.48026596168759067
-580.016238802057,1972.8522807953334,1.5363822026969192
-528.9217207544542,1846.595487445911,-0.5251943806522338
-582.9190530947242,1889.4951228005298,0.5309218603570947
-585.8218673873913,1806.137964805726,-0.47453848198272996
-446.73373988659347,1811.5510373114346,-0.43703921651917005
-503.63388651953045,1771.0935146712495,-0.3863833178496662
-421.4459056516698,1736.0490645367727,-0.29822815371660233
-296.90763904205676,1440.2593167689238,0.12659628109376603
-206.14870439055434,1478.9992806057676,0.10162000897040763
-115.38976973905204,1517.7392444426118,0.07664373684704927
-299.7381382831191,1526.6018963789343,0.02293306638337966
-208.97920363161674,1565.3418602157783,-0.0020432057399787217
-302.56863752418144,1612.9444759889445,-0.0807301483270067
-372.24583311198353,540.5903489275022,0.0014246472390338847
-287.3094909281823,549.2296686486613,4.4432268407054503E-4
-202.37314874438104,557.8689883698203,-5.360018708927948E-4
-357.43844726888784,608.3765997473215,0.0013427570177738622
-272.5021050850866,617.0159194684804,3.6243246281052264E-4
-342.63106142579215,676.1628505671406,0.00126086679651384
-338.63714959846067,454.600920045046,6.761967781512576E-4
-305.02846608493775,368.6114911625896,-7.22536827313695E-5
-253.70080741465938,463.2402397662049,-3.0412777681208206E-4
-317.2315718920243,921.6590692858729,0.0010951771960335554
-321.240175889664,845.8444761792047,0.0017044686163834894
-325.24877988730367,770.0298830725363,0.0023137600367334234
-233.72893801046988,880.5645775859402,0.0018589275228997556
-237.73754200810953,804.7499844792719,0.0024682189432496896
-150.22630412891547,839.4700858860076,0.0026226778497659563
-255.11982354659813,710.8829519738762,0.0014153257030301062
-184.9908672058925,651.736020875216,5.168913693267888E-4
-167.60858566740396,745.6030533806118,0.0015697846095463724
-99.63993758368744,128.5292692505873,1.6758272980032054E-4
-33.99148671702884,225.29135251519216,-6.839091787758939E-6
31.656964149629776,322.053435779797,-1.8126091337583843E-4
-163.3291830186441,209.26778810825124,1.0678801645396824E-4
-97.68073215198548,306.02987137285606,-6.763380513411126E-5
-227.01842845360073,290.0063069659152,4.59933031076159E-5
-124.3631111130441,479.2638041731459,-4.177548850538092E-4
-175.6907697833224,384.63505556953055,-1.858807909730967E-4
-46.35307348170717,400.65861997647147,-2.995078992148239E-4
56.59102140598118,-125.1106769973038,3.004006185188514E-4
113.38461190897408,-50.221353994607554,5.160295277381683E-5
170.178202411967,24.667969008088697,-1.9719471297121772E-4
1.5624149548697381,-47.85494833530963,2.3133604089368943E-4
58.356005457862636,27.034374667386622,-1.746162485134516E-5
-53.466191496241706,29.400780326684547,1.622714632685274E-4
124.00445632452127,123.79645793199147,-1.9188344643942466E-4
77.83071023707552,222.92494685589423,-1.8657217990763155E-4
12.182259370416906,126.1628635912894,-1.215035831955206E-5
221.46262944773267,-50.221353994607526,-1.8225618341835017E-4
164.66903894473975,-125.11067699730374,6.654148232668437E-5
107.87544844174684,-200,3.1533914807171893E-4
272.7470564834983,-125.11067699730374,-1.6731765386548262E-4
215.9534659805054,-199.99999999999997,8.148001187955192E-5
324.031483519264,-199.99999999999997,-1.523791243126151E-4
373.0427218986738,-136.22666530637466,-8.901511801717043E-5
422.0539602780835,-72.4533306127493,-2.565111172172576E-5
471.0651986574933,-8.679995919123927,3.7712894573718895E-5
321.7582948629081,-61.33734230367842,-1.0395364757003797E-4
370.76953324231783,2.435992389946947,-4.058964127459331E-5
270.4738678271424,13.551980699017822,-1.1889217712290551E-4
519.443732193912,-72.45333061274928,2.714425629743167E-6
470.43249381450204,-136.22666530637463,-6.0649580665701484E-5
421.42125543509223,-199.99999999999997,-1.2401358696114616E-4
567.8222657303304,-136.22666530637466,-3.228404331423257E-5
518.8110273509207,-199.99999999999997,-9.564804960967722E-5
616.200799266749,-200,-6.72825122582083E-5
-547.6678571526052,3371.6231860889648,-5.022843102603368
-541.3992753551084,3296.579245569287,2.0193199166635893
-535.1306935576118,3221.5353050496087,9.061482935930547
-445.1758072438147,3342.745055300376,-5.186913722994277
-438.90722544631797,3267.7011147806984,1.8552492962726808
-342.6837573350242,3313.866924511788,-5.3509843433851865
-435.1974611673858,3478.9808361795117,-1.7662524131522757
-491.43265915999547,3425.302011134238,-3.3945477578778216
-388.940609251205,3396.4238803456496,-3.558618378268731
-411.8117150029109,3127.653916258485,5.958137726795874
-377.2477361689675,3220.7604203851365,0.3035766917053437
-473.47120428026136,3174.5946106540473,7.5098103313632105
-288.09426988137716,3885.0506622568323,0.09196047457478154
-240.32194535769162,3770.101324513664,0.6085821783965886
-192.54962083400608,3655.151986770497,1.1252038822183958
-222.84661979147523,3999.9999999999995,-0.33777453308171146
-175.07429526778972,3885.050662256832,0.17884717074009565
-127.30197074410421,3770.1013245136637,0.6954688745619027
-109.82664517788788,3999.9999999999995,-0.2508878369163973
-62.05432065420237,3885.050662256832,0.2657338669054098
3.193329435699486,3999.9999999999995,-0.16400114075108324
-391.17863821186955,3739.084216803524,0.9497775912784596
-291.86412952293784,3697.11810178701,1.0374907367484276
-339.6364540466233,3812.067439530178,0.5208690329266206
-385.15274900037974,3592.7425235990813,0.3924769953822516
-288.85118491719294,3623.9472551847884,0.7588404388003237
-388.16569360612465,3665.9133702013028,0.6711272933303557
-338.89589708419896,3510.1855677652197,-1.3998889697342034
-292.63904516801813,3427.6286119313577,-3.192254934850659
-242.5943330010121,3541.390299350927,-1.0335255263161314
-104.27767145087064,3557.0709249520073,1.1079901944571697
-154.32238361787668,3443.3092375324372,-1.0507392140773573
-204.36709578488268,3329.547550112868,-3.209468622611885
-16.00572206773519,3458.9898631335177,1.0907765066959436
-66.05043423474119,3345.228175713948,-1.0679529018385838
72.26622731540029,3360.9088013150285,1.0735628189347175
174.39254873558826,3724.556661888614,0.015042509380431097
117.32614230229201,3816.3711079257428,-0.04463870733007367
60.259735868995755,3908.185553962871,-0.10431992404057844
52.07849221239016,3701.4217701825755,0.3850963003264193
-4.987914220906109,3793.2362162197037,0.32541508361591454
-70.23556431080796,3678.286878476536,0.7551500912724076
140.3504415955256,3603.340708364086,0.36788261256519317
18.036385072327494,3580.2058166580464,0.7379364035111814
106.30833445546295,3482.1247548395568,0.7207227157499553
228.3098697218406,3816.3711079257428,-0.008389161305745884
282.2271907080929,3908.185553962871,-0.03182083199192287
336.1445116943452,3999.9999999999995,-0.055252502678099856
171.24346328854435,3908.185553962871,-0.06807037801625065
225.16078427479667,3999.9999999999995,-0.09150204870242763
114.17705685524807,3999.9999999999995,-0.12775159472675543
384.54493576978007,3937.6664782480943,-0.03509913928931627
330.6276147835277,3845.8520322109657,-0.01166746860313928
276.71029379727537,3754.0375861738366,0.011764202083037703
432.9453598452148,3875.3329564961878,-0.014945775900532674
379.0280388589625,3783.5185104590596,0.008485894785644309
481.34578392064964,3812.999434744282,0.005207587488250915
-104.4558615894868,587.1060278452424,-4.230617355796127E-4
-6.538574434592568,616.3430673206643,-3.1012160026643075E-4
91.37871272030168,645.5801067960864,-1.9718146495324883E-4
-87.07358005099827,680.9730603506381,6.298315046399707E-4
10.84370710389596,710.2100998260601,7.427716399531529E-4
-69.69129851250975,774.8400928560338,0.0016827247448595547
71.47146319674438,537.73788312399,-1.9187461442744534E-4
-26.445823958149855,508.50084364856787,-3.0481474974062726E-4
51.56421367318708,429.89565945189344,-1.865677639016419E-4
179.51969850077805,597.011736845347,-6.676243578897855E-5
159.61244897722074,489.16951317325055,-6.145558526317508E-5
139.70519945366345,381.32728950115404,-5.6148734737371616E-5
267.6606842812544,548.4433668946075,6.365659337529171E-5
247.7534347576971,440.6011432225111,6.89634439010952E-5
355.80167006173076,499.87499694386815,1.9407562253956196E-4
-374.4423027720225,1184.513669089924,-0.010537102649036744
-279.3041707264648,1181.3593096135025,-0.004652372154681353
-184.16603868090706,1178.2049501370811,0.0012323583396740372
-347.1376823973488,1255.797443878502,0.0454610261378021
-251.99955035179104,1252.6430844020804,0.051345756632157485
-319.83306202267505,1327.08121866708,0.10145915492464094
-351.49355975735534,1109.5421798964105,-0.004952682644850247
-328.54481674268817,1034.570690702897,6.317373593362492E-4
-256.3554277117976,1106.387820419989,9.320478495051432E-4
-229.0741273711727,1365.821182503924,0.07648288280128257
-161.2406157002887,1291.3830482389246,0.02636948450879911
-138.3151927196704,1404.5611463407681,0.051506610677924176
-245.0421828611337,993.4761990029647,0.0013954876862024494
-161.5395489795793,952.3817073030319,0.0021592380130686503
-172.85279383024317,1065.2933287200563,0.0016957981763713436
-49.480903576889105,884.816860068267,0.0012242249474192697
31.054102039516607,820.1868670382933,2.842718425128679E-4
111.58910765592233,755.5568740083194,-6.556812623935338E-4
51.26449697513726,930.1636342505262,-1.742279549274172E-4
131.799502591543,865.5336412205526,-0.001114181059833819
152.00989752716364,975.5104084327857,-0.001572680857274104
-60.79414842755296,997.7284814852915,7.607851107219632E-4
39.95125212447341,1043.0752556675507,-6.376677916247236E-4
-72.10739327821682,1110.640102902316,2.9734527402465677E-4
366.06632956742664,734.9468628897291,2.0392532062868526E-5
274.503790618385,705.1579441918482,-5.213213360917058E-5
182.94125166934336,675.3690254939672,-1.246567992812097E-4
362.6447763988614,656.5895742411087,7.828689555509967E-5
271.0822374498197,626.8006555432279,5.762229883060567E-6
359.223223230296,578.2322855924884,1.3618125904733087E-4
294.71418555400567,815.1347114040814,-5.106319310494557E-4
223.36204154058467,895.3225599184335,-0.0010416563941617798
203.15164660496401,785.3457927062004,-5.831565967214947E-4
447.12485235076343,965.390611990834,0.0014534660604262053
348.7532007428969,968.7638774714846,4.4475042119276886E-4
250.38154913503024,972.1371429521352,-5.639652180406676E-4
420.1053447563179,888.5760289571324,9.757748843050931E-4
321.73369314845127,891.9492944377829,-3.2940754928343376E-5
393.08583716187223,811.7614459234306,4.980837081839808E-4
-551.7368417771488,2279.116125874142,1.00353537531396
-472.891230738639,2316.725689345771,1.6713698197342302
-394.0456197001293,2354.335252817399,2.3392042641545
-556.5525946380822,2353.633093986603,-6.271935491309249
-477.7069835995725,2391.2426574582314,-5.604101046888979
-561.3683474990155,2428.1500620990632,-13.547406357932458
-550.8402014396622,2047.513127767355,1.6617164490228498
-467.66683173699727,2079.2743393847572,0.730934454339452
-384.4934620343323,2111.0355510021595,-0.19984754034394567
-549.6964953307726,2122.7646765182085,0.909450611418664
-466.52312562810766,2154.525888135611,-0.021331383264733845
-548.552789221883,2198.016225269062,0.15718477381447793
-390.86156714486367,2273.2353522123194,1.4928536626550182
-469.7071781833734,2235.625788740691,0.8250192182347482
-387.677514589598,2192.1354516072397,0.6465030611555362
-442.8455367591222,1961.7138570581174,-0.45051603299580706
-413.66949939672725,2036.3747040301384,-0.3251817866698763
-496.8428690993922,2004.613492412736,0.6056002080135213
-272.9048617493488,3206.4650016064616,-4.913025723231595
-203.12596616367335,3099.063078701135,-4.475067103078003
-133.34707057799793,2991.661155795809,-4.037108482924412
-134.58820019920728,3222.1456272075416,-2.7715100024582937
-64.80930461353184,3114.743704302215,-2.333551382304702
3.7284613509342193,3237.8262528086216,-0.6299942816849924
-342.03281941723543,3020.2519933531585,6.396096346949465
-237.68994499761666,3005.956574574484,1.1794939320125262
-307.46884058329215,3113.35849747981,0.741535311858935
-309.78617277735106,2878.346269989024,-1.1678792963507048
-221.56662167767448,2935.003712892417,-2.6024938896375582
-325.90949609729324,2949.2991316710913,2.614108525299379
227.23450301022422,3040.439362348111,0.8223634210320702
175.57841111194958,3147.262508670417,0.9060965536662859
123.92231921367494,3254.0856549927225,0.9898296863005016
107.04064514748353,3024.1799601640105,-0.7974605469534236
55.38455324920887,3131.003106486316,-0.7137274143192079
-13.153212715257194,3007.92055797991,-2.4172845149389177
-315.548936184484,2744.2141484703548,-0.6637000622138496
-233.0921484919403,2666.739469855077,-1.5941354213638481
-150.63536079939664,2589.2647912397993,-2.5245707805138466
-227.32938508480737,2800.871591373747,-2.0983146555007033
-144.8725973922637,2723.3969127584696,-3.0287500146507016
-139.1098339851308,2857.529034277139,-3.5329292487875565
-475.17585097147935,2590.803972101838,-7.937829074206443
-530.5706387492236,2631.8186756684736,8.311735601053122
-585.9654265269679,2672.8333792351095,24.56130027631269
-531.7938044471391,2548.888470314524,-12.455456605796275
-587.1885922248835,2589.9031738811595,3.794108069463291
-588.411757922799,2506.9729685272096,-16.973084137386106
-449.4524752733288,2667.7655904297694,-5.202974283825579
-423.72909957517817,2744.7272087577007,-2.4681194934447155
-504.84726305107307,2708.780293996405,11.046590391433988
-448.13244054769604,2511.981065673692,-4.512151294752796
-504.75039402335574,2470.0655638863777,-9.029778826342628
-421.0890301239126,2433.1581592455454,-1.0864735152991478
-366.99568758078516,2590.2909118144917,-6.133409642975577
-258.8155241900909,2589.7778515271457,-4.328990211744712
-341.27231188263454,2667.2525301424234,-3.3985548525947133
-339.9522771570018,2511.4680053863453,-2.70773186352193
-312.9088667332184,2432.6450989581995,0.717945915931718
-231.77211376630748,2510.9549450989994,-0.9033124322910644
-371.0798347036963,1885.2965294124074,-0.3765191738902601
-270.1380952858755,1883.5400487387183,-0.17718806845878235
-169.19635586805467,1881.7835680650294,0.02214303697269535
-341.9037973413014,1959.9573763844285,-0.25118492756432936
-240.96205792348056,1958.2008957107396,-0.05185382213285165
-312.7277599789065,2034.6182233564493,-0.12585068123839865
-345.7920004687727,1809.7945566377455,-0.23770811108769235
-320.50416623384905,1734.2925838630838,-0.09889704828512466
-244.85026105095184,1808.0380759640566,-0.03837700565621466
-226.91473234128432,1686.6899680899176,-0.02021010569809669
-133.32529844871956,1639.087352316751,0.058476836888931294
-151.26082715838712,1760.4354601908904,0.04030993693081332
-297.5103499290593,2147.6674194590714,-0.01850749103101013
-210.52723782378627,2184.2992879159824,0.1628325582819254
-123.54412571851323,2220.9311563728934,0.34417260759486096
-300.694402484325,2228.7673200641507,0.8278431104684718
-213.7112903790519,2265.3991885210617,1.0091831597814074
-303.8784550395906,2309.8672206692304,1.6741937119679537
-222.74170207267974,2388.1770668100307,0.05293536374517153
-132.574537412141,2343.709034661862,-0.6120751884413749
-141.6049491057688,2466.4869129508306,-1.5683229844776105
-225.74464787363343,2071.250091813361,0.05548936807453687
-153.97894581820754,1994.8327641676506,0.12948622718008387
-138.76153576836037,2107.881960270272,0.2368294173874724
107.99502275948288,1336.836301249409,-0.006975261988946269
33.533425259971246,1397.13728231381,0.02089773762305224
-40.9281722395404,1457.4382633782109,0.04877073723505075
10.60800227935291,1283.9591842119664,-0.004239388546072834
-63.853595220158724,1344.2601652763672,0.023633611065925673
-86.77901820077706,1231.0820671745237,-0.0015035151031993982
122.66664768204315,1216.3943369772012,-0.005174401611722214
25.279627201913154,1163.5172199397584,-0.0024385281688487784
137.33827260460342,1095.9523727049934,-0.003373541234498159
423.9364862385157,1037.2275071178672,0.001012058596462674
400.7481201262679,1109.0644022449003,5.706511324991428E-4
377.5597540140202,1180.9012973719337,1.2924366853561144E-4
325.56483463064905,1040.6007725985176,3.3429572292375734E-6
302.3764685184013,1112.437667725551,-4.3806450673429374E-4
227.19318302278248,1043.9740380791682,-0.0010053726820041988
287.7048435958411,1232.879631997759,-0.0022389248839583486
197.849933177662,1284.8579666235837,-0.004607093436452308
212.52155810022228,1164.4160023513762,-0.0028062330592282534
-15.16514395464494,1570.7236049268515,0.04517411871738124
59.29645354486671,1510.4226238624506,0.017301119105382724
133.75805104437836,1450.1216427980494,-0.010571880506615786
85.05948182976219,1623.7079654110908,0.013704500587713206
159.52107932927385,1563.4069843466898,-0.014168499024285306
185.28410761416933,1676.6923258953304,-0.017765117541954825
-33.10067266431248,1692.0717128009906,0.027007218759263263
67.12395312009465,1745.05607328523,-0.0044623993704047665
-51.03620137398001,1813.4198206751298,0.008840318801145292
392.6240626735721,3257.234181323753,-0.01143433761432079
285.8381175541815,3291.792387987512,0.35023138123535863
179.05217243479092,3326.3505946512696,0.7118971000850379
337.4942094524561,3184.969241665206,0.26649824860114285
230.70826433306559,3219.5274483289645,0.6281639674508223
282.36435623134014,3112.7043020066585,0.5444308348166065
467.1268101843463,3053.8281343913195,-0.11522108755264078
442.2925610140883,3121.630150035465,-0.08062550423986746
417.45831184383013,3189.432165679609,-0.04602992092709412
387.1627077929723,3049.3652103769173,0.1973070819755962
362.32845862271415,3117.1672260210617,0.23190266528836953
307.1986054015983,3044.902286362514,0.5098352515038331
390.8954730940877,230.03680689891985,-1.5851593548034234E-5
317.32304953338087,161.58052760197614,-7.629930002242873E-5
243.75062597267393,93.12424830503242,-1.3674700649682323E-4
417.6187149485563,150.46453929290527,2.003235825883477E-6
344.04629138784935,82.00825999596155,-5.844447064851102E-5
444.3419568030248,70.89227168689068,1.9858065199801187E-5
197.57687988522818,192.2527372289352,-1.3143573996503015E-4
271.14930344593506,260.70901652587884,-7.098803349063563E-5
151.40313379778246,291.3812261528379,-1.2612447343323703E-4
367.49960440584977,409.9289335955521,1.240998838436966E-4
259.4513691018161,350.65507987419505,-1.012294794770211E-6
379.19753874996877,319.98287024723595,5.412414514783118E-5
696.8772709869996,-40.920466018370426,3.163868845966413E-5
621.6065802104976,-30.173642651954932,3.366342383101573E-5
546.3358894339955,-19.426819285539427,3.568815920236731E-5
669.985113746916,-93.9469773455803,-1.33504511296001E-6
594.714422970414,-83.2001539791648,6.896902583915754E-7
643.0929565068325,-146.97348867279015,-3.430877868558416E-5
467.63956859702733,279.44129221222045,-7.777148066283804E-6
544.3836640999668,328.8457775255211,2.972974154666256E-7
621.1277596029063,378.25026283882175,8.371742897217055E-6
455.9416342529083,369.3873555605366,6.21985906295816E-5
532.6857297558478,418.7918408738372,7.027303611133203E-5
444.24369990878927,459.33341890885265,1.32174329325447E-4
686.4935803899854,21.62246960183767,9.953304809985355E-6
676.109889792971,84.16540522204576,-1.1732078839693426E-5
665.7261991959568,146.70834084225388,-3.341746248937221E-5
611.2228896134833,32.36929296825317,1.1978040181336942E-5
600.839199016469,94.91222858846126,-9.707343468341839E-6
535.9521988369812,43.11611633466867,1.4002775552688531E-5
635.9939061339232,301.06962217329914,-5.557992231646033E-6
559.2498106309837,251.66513685999848,-1.363243771339646E-5
482.5057151280441,202.26065154669783,-2.170688319514689E-5
650.8600526649401,223.8889815077765,-1.9487727360509122E-5
574.1159571620004,174.48449619447584,-2.756217284225955E-5
509.22895698251267,122.68838394068325,-3.852053821229178E-6
751.2515139912758,-93.94697734558028,-2.731421184198939E-5
724.3593567511923,-146.97348867279015,-6.028794541461353E-5
697.4671995111088,-200,-9.326167898723768E-5
805.6257569955521,-146.97348867279013,-8.626711214364292E-5
778.7335997554686,-199.99999999999997,-1.1924084571626707E-4
859.9999999998284,-199.99999999999997,-1.4522001244529644E-4
527.9773223747742,3875.3329564961878,-0.017381724535932886
574.6088608288987,3937.666478248094,-0.03997103656011669
621.2403992830233,3999.9999999999995,-0.0625603485843005
479.5768982993394,3937.6664782480934,-0.03753508792471647
526.208436753464,3999.9999999999995,-0.06012439994890028
431.17647422390456,3999.9999999999995,-0.05768845131350006
387.0291526594377,3530.2080644443695,-0.033665425610797405
418.46802974650836,3624.47185454434,-0.020707754577781304
449.906906833579,3718.7356446443114,-0.007750083544765193
316.15028468482126,3594.990930259118,-0.017429447280387908
347.58916177189184,3689.254720359089,-0.0044717762473718
245.2714167102048,3659.7737960738664,-0.0011934689499784059
282.1081775447586,3473.7749767345895,0.33541065590437413
211.2293095701421,3538.5578425493372,0.3516466342347837
177.18720243007945,3417.341889024809,0.7044867374195458
390.7590926688606,3348.2254756972925,-0.018844700279812995
388.89412266414917,3439.2167700708305,-0.026255062945305198
283.97314754947,3382.78368236105,0.34282101856986635
661.5148387130929,3641.2574706907067,0.006377803438834344
601.4584871156119,3698.504792041899,0.005987731455306534
541.4021355181308,3755.7521133930904,0.005597659471778724
570.0196100285413,3604.241001941928,-0.0069699395777095725
509.9632584310602,3661.4883232931193,-0.007360011561237383
478.52438134398943,3567.2245331931485,-0.020317682594253487
692.5537315669342,3839.422777271578,0.0029978531792451417
668.7826208056306,3892.948518181052,-0.018854880741936735
645.0115100443269,3946.4742590905257,-0.04070761466311861
622.151082351506,3830.6149964291467,0.0037344312822470667
598.3799715902024,3884.1407373386205,-0.01811830263893481
551.7484331360779,3821.807215586714,0.0044710093852489904
682.2074339489872,3773.3676750779546,0.004124503265774876
611.8047847335589,3764.5598942355223,0.0048610813687768
671.86113633104,3707.3125728843306,0.00525115335230461
621.3632680714975,3395.8441557239926,0.016431110529643186
634.7471249520293,3477.6485940462308,0.013080008166040236
648.130981832561,3559.453032368469,0.00972890580243729
543.2518962674776,3440.6321252974517,-2.6773485050367963E-4
556.6357531480094,3522.43656361969,-0.0036188372141066263
465.1405244634576,3485.420094870911,-0.016966580230650542
545.116866272189,3349.640830923913,0.007142627814988526
467.00549446816905,3394.428800497372,-0.009556217565158336
468.8704644728805,3303.4375061238334,-0.002145854899666131
748.369154377899,3892.948518181052,0.004049004354213292
804.1845771888637,3946.4742590905257,0.005100155529181441
859.9999999998284,3999.9999999999995,0.006151306704149591
724.5980436165954,3946.4742590905257,-0.017803729566968587
780.41346642756,3999.9999999999995,-0.016752578392000436
700.8269328552916,3999.9999999999995,-0.03965646348815046
621.5336990742253,604.6778653131526,1.3020137441268847E-4
532.9563560700606,569.7435758567245,1.5149279045497963E-4
444.3790130658956,534.8092864002964,1.7278420649727083E-4
621.3983859171191,529.2019978217089,8.959149724086464E-5
532.8210429129542,494.2677083652809,1.1088291328315583E-4
621.2630727600127,453.7261303302654,4.8981620069040856E-5
447.8005662344609,613.1665750489166,1.1488984300503967E-4
536.3779092386258,648.1008645053448,9.359842696274846E-5
451.22211940302617,691.523863697537,5.6995479512808494E-5
634.8383410699237,826.3570067320068,4.905148019989368E-5
545.2476705690914,795.8869587845809,3.949849748755196E-5
455.657000068259,765.416910837155,2.9945514775210243E-5
630.4034604046909,752.4639595923887,7.610144493749194E-5
540.8127899038585,721.9939116449629,6.654846222515022E-5
625.968579739458,678.5709124527707,1.0315140967509019E-4
509.69601525715024,919.0460769045583,9.853278670174349E-4
482.6765076627046,842.2314938708566,5.076366908963226E-4
572.2671781635369,872.7015418182825,5.171896736086642E-4
506.1090635983906,1007.0506200372646,9.3529213677238E-4
568.6802265047772,960.706084950989,4.671539433636094E-4
631.251389411164,914.3615498647132,-9.842500451611654E-7
565.0932748460176,1048.7106280836954,4.1711821311855456E-4
627.6644377524042,1002.3660929974194,-5.101998029021602E-5
624.0774860936446,1090.370636130126,-1.0105571053527088E-4
482.92069748614267,1078.8875151642978,4.938846728088487E-4
541.9049087337697,1120.5475232107285,-2.428925084497678E-5
459.7323313738949,1150.724410291331,5.247720884531732E-5
624.10175254441,1162.121791896465,1.7251920185766345E-6
624.1260189951755,1233.872947662804,1.0450609457242414E-4
624.150285445941,1305.6241034291431,2.0728699712627165E-4
541.9291751845352,1192.2986789770675,7.849165170887073E-5
541.9534416353007,1264.0498347434066,1.8127255426271825E-4
459.7565978246604,1222.47556605767,1.5525811139916485E-4
375.718277585002,1264.0290286223583,0.0010179367121787956
457.91512139564225,1305.6032973080946,0.001043951155042349
540.1119652062824,1347.1775659938312,0.0010699655979059023
373.87680115598374,1347.1567598727827,0.0019066297558219796
456.07364496662393,1388.731028558519,0.001932644198685533
372.03532472696554,1430.284491123207,0.0027953227994651636
284.02189073780465,1399.135094498608,-4.6153879667198007E-4
196.0084567486438,1367.9856978740083,-0.003718400392809124
285.86336716682285,1316.0073632481833,-0.0013502318403151644
454.4911189701409,1665.7203600331482,0.0013758041422371288
364.75544851815044,1669.3776819872091,-0.0050045030858268565
275.01977806615986,1673.0350039412697,-0.01138481031389084
427.00585422241585,1587.2417370631679,0.001848977027979807
337.27018377042526,1590.8990590172286,-0.004531330200084178
247.53451331843473,1594.5563809712892,-0.010911637428148163
399.52058947469067,1508.7631140931874,0.002322149913722485
309.78491902270014,1512.4204360472481,-0.0040581573143415
221.77148503353925,1481.2710394226488,-0.0073150189104786425
629.2392439966009,1378.4674988030058,-1.196926945783214E-4
634.3282025472605,1451.3108941768685,-4.4667238628291446E-4
639.4171610979204,1524.1542895507312,-7.736520779875075E-4
545.2009237569423,1420.0209613676939,7.429859062013092E-4
550.2898823076022,1492.8643567415565,4.160062144967162E-4
461.1626035172838,1461.5744239323817,0.00160566450698094
516.1331330127341,1618.5316698723427,6.593187354955834E-4
488.64786826500887,1540.0530469023622,0.0011324916212382618
577.7751470553271,1571.3429797115368,-5.7166671245962054E-5
196.90090463398985,2934.499442391074,0.7119569489517563
76.70704677124914,2918.240040206973,-0.9078670190337376
-43.48681109149159,2901.980638022872,-2.5276909870192315
166.56730625775546,2828.559522434036,0.6015504768714426
46.37344839501473,2812.300120249935,-1.0182734911140514
136.23370788152107,2722.6196024769984,0.49114400479112863
40.61068498788184,2678.1679987312655,-0.5140942569771964
-49.24957449862448,2767.8485165042025,-2.0235117528823765
-55.01233790575739,2633.7163949855326,-1.5193325187455213
392.53322339015284,2585.5642183626596,0.02945589630006235
397.94777257245,2669.492217444468,0.08468042986480061
403.36232175474714,2753.420216526277,0.13990496342953887
408.77687093704424,2837.3482156080845,0.19512949699427715
307.10005155394225,2631.249346400773,0.1833519324637511
312.51460073623934,2715.177345482581,0.23857646602848934
317.92914991853644,2799.105344564389,0.2938009995932276
221.6668797177317,2676.9344744388854,0.33724796862743983
227.08142890002878,2760.8624735206936,0.3924725021921781
447.6768304352456,2981.668161463575,-0.011770892703668153
367.71272804387155,2977.2052374491714,0.3007572768245688
287.74862565249754,2972.7423134347687,0.6132854463528058
428.2268506861449,2909.50818853583,0.09167930214530448
348.26274829477086,2905.0452645214264,0.4042074716735415
257.4150272762631,2866.802393477731,0.5028789742724921
458.8352192014753,2366.345354344505,0.08659327957931275
436.7345539310345,2439.4183090172232,0.06754748515289595
414.63388866059364,2512.491263689941,0.048501690726479155
365.1861182607922,2369.6298412913566,0.07853482743137688
343.0854529903514,2442.702795964075,0.059489033004960064
320.98478771991057,2515.775750636793,0.04044323857854327
271.53701732010916,2372.9143282382074,0.07047637528344099
249.43635204966833,2445.987282910926,0.051430580857024184
177.8879163794261,2376.198815185059,0.0624179231355051
235.5516158837,2561.460878674906,0.19433927474223203
150.1184440474894,2607.146006713019,0.34823531090592075
164.0031802134577,2491.6724109490387,0.20532661702071298
54.495421153850174,2562.694402967286,-0.6570029508624042
-41.127601739789064,2518.242799221553,-1.6622412126307293
68.38015731981851,2447.220807203306,-0.7999116447476121
-23.066778352533472,2272.6870426436158,0.2502543794417424
77.4105690134463,2324.4429289143372,0.15633615128862374
-32.097190046161266,2395.464920932584,-0.7059934165944934
124.2266191737307,2032.220652652482,-0.02497024279759383
41.63637087631606,2095.1241538926192,0.09807737399989108
-40.95387742109858,2158.027655132756,0.22112499079737602
26.418960826468908,1982.074957789998,-0.00926581620749744
-56.171287470945735,2044.9784590301347,0.11378180058998749
-71.38869752079289,1931.9292629275137,0.006438610382598954
59.52346994488117,2209.7835414034785,0.12720676264425743
142.11371824229582,2146.880040163341,0.004159145846772478
160.00081731086092,2261.5394276742,0.03328853449113879
144.57911532054356,1913.7112104000985,-0.022568534379047496
46.77145697328178,1863.5655155376141,-0.006864107788951104
164.93161146735645,1795.2017681477143,-0.02016682596050116
434.0958463417841,1740.1459840362563,0.002426374074721275
413.7005737134272,1814.571608039364,0.003476944007205421
393.3053010850703,1888.9972320424722,0.004527513939689567
344.36017588979354,1743.803305990317,-0.00395393315334271
323.9649032614367,1818.2289299934248,-0.002903363220858563
254.62450543780295,1747.4606279443776,-0.010334240381406694
303.61240711462386,1936.738372245809,-0.0053050716394048986
213.91951314417727,1984.4795124491454,-0.015137657218499367
234.27200929099016,1865.9700701967618,-0.01273594879995303
376.13984146790324,2134.94543448169,0.008782600547336511
292.16876736984574,2100.7038405386206,-0.0024683472343069363
208.19769327178824,2066.4622465955513,-0.013719295015950386
381.8616613402923,2052.962700335284,0.0073642383447875305
297.89058724223474,2018.7211063922148,-0.0038867094368559172
387.5834812126813,1970.9799661888783,0.005945876142238549
431.27009329028465,2289.2120477235667,0.060656386568654005
337.6209923496015,2292.496534670418,0.05259793442071812
243.97189140891848,2295.7810216172693,0.04453948227278223
403.70496737909394,2212.078741102628,0.03471949355799526
310.0558664384108,2215.3632280494794,0.026661041410059375
226.08479234035337,2181.1216341064105,0.01541009362841593
481.6861176838832,2793.8058708272033,0.12297211208580582
476.27156850158605,2709.8778717453947,0.06774757852106755
470.8570193192889,2625.949872663586,0.012523044956329289
554.5953644307223,2750.263526046321,0.0508147271773345
549.1808152484251,2666.3355269645126,-0.004409806387403772
627.5046111775612,2706.7211812654396,-0.021342657731136833
471.4044663548371,1926.9054414480836,8.16820347436257E-4
549.5036316246037,1964.8136508536945,-0.002893873244817054
627.6027968943704,2002.7218602593057,-0.0066045668370703645
465.682646482448,2008.888175594489,0.002235182549985238
543.7818117522146,2046.7963850001004,-0.0014755110422680737
459.9608266100589,2090.870909740895,0.003653544752534218
640.4125102010627,2227.2410899528236,-0.01610691139461315
552.321620623343,2196.4758714624463,-0.007810407413963263
464.2307310456231,2165.7106529720677,4.8609656668662367E-4
636.1426057654986,2152.401346721651,-0.012939463208765555
548.0517161877788,2121.6361282312732,-0.004642959228115668
631.8727013299344,2077.5616034904783,-0.00977201502291796
519.3609828680045,2319.9772662139444,0.05235988258800412
491.79585695681374,2242.8439595930063,0.02642298957734537
579.8867465345336,2273.609178083384,0.018126485596695486
517.3347602301243,2407.307079865913,0.056206080299568986
577.8605238966534,2360.938991735352,0.02197268330826034
638.3862875631825,2314.5709036047915,-0.01226071368304829
575.8343012587732,2448.2688053873203,0.025818881019825206
636.3600649253023,2401.90071725676,-0.00841451597148343
634.3338422874222,2489.2305309087283,-0.004568318259918571
632.0574319174685,2561.727414360965,-0.010159764750324658
629.7810215475148,2634.2242978132026,-0.015751211240730745
553.7336359883325,2521.341760060039,0.006773086593408402
551.4572256183787,2593.8386435122757,0.0011816401030023153
473.1334296892426,2553.452989211349,0.018114491446735374
495.2340949596834,2480.3800345386308,0.03716028587315218
637.5285444567216,3185.375317783593,0.030677031493054733
632.1401189949803,3255.5315970970596,0.025928391171917555
626.751693533239,3325.6878764105263,0.021179750850780367
555.8937171956719,3209.32827229698,0.016639908457262896
550.5052917339304,3279.4845516104465,0.011891268136125713
474.25888993462195,3233.281226810366,0.002602785421471055
523.9273882751381,3097.6771955220775,-0.06658838120407562
580.7279663659299,3141.5262566528354,-0.017955674855510438
499.09313910488004,3165.4792111662223,-0.03199279789130228
642.455742308724,2935.9853245039126,-0.017785799989006448
564.5627851848308,2903.1062882053034,0.05318596567208807
486.66982806093745,2870.227251906694,0.1241577313331826
637.4720319316698,2859.5639434244217,-0.018971419236383243
559.5790748077765,2826.6849071258125,0.052000346424711276
632.4883215546155,2783.1425623449304,-0.020157038483760034
525.5697875591388,3014.547197762184,-0.08274265836476266
584.0127649339314,2975.2662611330484,-0.05026422917688456
582.3703656499306,3058.3962588929417,-0.0341099520161975
640.8133430247232,3019.115322263806,-0.001631522828319384
639.1709437407224,3102.2453200236996,0.014522754332367677
506.1198078100382,2942.387224834439,0.02070753648420996
709.8922273798919,795.3491155991156,1.3303721378932417E-5
705.4573467146591,721.4560684594975,4.035368611653067E-5
701.0224660494263,647.5630213198793,6.740365085412891E-5
784.9461136898601,764.3412244662242,-2.244403744202885E-5
780.5112330246274,690.4481773266061,4.605927295569401E-6
859.9999999998283,733.3333333333329,-5.819179626299012E-5
751.2515139912758,-16.169199567802522,1.2791832643020858E-4
805.6257569955521,-69.19571089501237,6.896542612855505E-5
859.9999999998283,-122.22222222222221,1.001252582690153E-5
805.6257569955521,8.582066882765382,2.24197964400753E-4
859.9999999998283,-44.44444444444446,1.652450640990995E-4
859.9999999998284,33.33333333333329,3.204776023712975E-4
740.8678233942617,46.373736052405576,1.062329427805298E-4
795.2420663985379,71.12500250297347,2.0251258075107423E-4
730.4841327972473,108.91667167261367,8.454755913085101E-5
859.9999999998284,499.99999999999983,3.7860917929903435E-4
859.9999999998284,577.7777777777776,2.3300885411169287E-4
859.9999999998283,655.5555555555552,8.740852892435138E-5
780.5112330246275,534.8926217710508,2.9580657767025237E-4
780.5112330246274,612.6703995488284,1.502062524829109E-4
701.0224660494263,569.7852435421017,2.130039760414704E-4
700.88715289232,494.3093760506581,1.723940988696466E-4
700.7518397352137,418.8335085592144,1.317842216978228E-4
780.3759198675211,459.4167542796071,2.5519670049842854E-4
730.4841327972474,186.69444945039143,4.745958378399444E-5
795.2420663985379,148.90278028075122,1.6542460540421768E-4
859.9999999998283,111.11111111111103,2.833896270244409E-4
795.2420663985379,226.68055805852896,1.283366300573611E-4
859.9999999998283,188.88888888888877,2.4630165167758433E-4
859.9999999998284,266.6666666666665,2.0921367633072775E-4
859.9999999998284,344.4444444444443,2.6567884398682995E-4
859.9999999998283,422.22222222222206,3.221440116429321E-4
780.3759198675211,303.8611987240516,1.422663651862242E-4
780.375919867521,381.63897650182935,1.987315328423264E-4
700.7518397352137,341.05573078143664,7.531905404172063E-5
715.6179862662306,263.875090115914,6.138931891285753E-5
748.369154377899,3815.1707404032745,6.727630988779801E-4
804.1845771888637,3790.9187035349705,-0.0016523269814891822
859.9999999998284,3766.666666666666,-0.003977417061856344
804.1845771888637,3868.6964813127483,0.0017239142738461294
859.9999999998283,3844.444444444444,-6.011758065210328E-4
859.9999999998283,3922.2222222222217,0.0027750654488142784
738.0228567599519,3749.1156382096506,0.001799413185407714
727.6765591420046,3683.0605360160266,0.002926063271937448
793.8382795709166,3724.863601341346,-5.256768949594483E-4
859.9999999998284,3533.333333333333,-0.002702740602257337
859.9999999998284,3611.1111111111113,-0.0031276327554570064
859.9999999998283,3688.8888888888887,-0.0035525249086566756
793.8382795709167,3569.3080457857914,3.2410741143989E-4
793.8382795709166,3647.085823563569,-1.0078474175977931E-4
727.6765591420047,3605.282758238249,0.003350955425137117
714.2927022614729,3523.4783199160115,0.006702057788740063
700.9088453809411,3441.673881593773,0.010053160152343008
780.4544226903848,3487.503607463553,0.003675209775042836
859.9999999998286,3300,-0.012542899750832205
859.9999999998286,3377.777777777778,-0.00926284670130725
859.9999999998284,3455.555555555555,-0.005982793651782294
780.454422690385,3331.948051907998,-0.002884896324007077
780.4544226903848,3409.7258296857754,3.9515672551787865E-4
700.9088453809411,3363.8961038159955,0.006773107102818052
711.685696304424,3223.583545189062,0.016270387745092426
785.8428481521263,3261.791772594531,0.00186374399713011
706.2972708426826,3293.739824502529,0.011521747423955241
859.9999999998284,811.1111111111107,3.5669274020592106E-5
859.9999999998283,888.8888888888886,1.2953034430417432E-4
859.9999999998283,966.6666666666665,2.233914145877566E-4
784.9461136898601,842.119002244002,7.141703284155338E-5
784.9461136898601,919.8967800217799,1.6527810312513559E-4
709.8922273798919,873.1268933768933,1.0716479166251464E-4
706.3052757211323,961.1314365095999,5.7129061417459803E-5
781.3591620311005,1007.9013231544862,1.1524237288008075E-4
702.7183240623724,1049.135979642306,7.093331172404942E-6
859.9999999998284,1199.9999999999995,1.4388917338004593E-4
781.3591620311006,1163.4568787100418,6.224087874160699E-5
702.7183240623725,1126.9137574200838,-1.9407415896831933E-5
859.9999999998284,1122.222222222222,1.7038992044928283E-4
781.3591620311005,1085.679100932264,8.874162581084387E-5
859.9999999998283,1044.4444444444441,1.968906675185197E-4
702.7668569639035,1270.4160689527619,1.861543892108631E-4
702.7425905131379,1198.6649131864228,8.337348665701558E-5
781.383428481866,1235.2080344763808,1.6502178129545453E-4
514.159062127681,1706.7819535179387,0.0010644641458401399
575.801076170274,1659.593263357133,3.479787390985945E-4
637.443090212867,1612.4045731963272,-3.685066676429509E-4
573.8270052852208,1747.8435470027289,7.53124149443151E-4
635.4690193278138,1700.6548568419232,3.663874270160562E-5
633.4949484427607,1788.9051404875195,4.4178415304616225E-4
631.5308979266306,1860.1773804114482,-0.0019069995103260136
629.5668474105005,1931.449620335377,-0.0042557831736981895
553.4317326568639,1822.2691710058373,0.0018036940819272974
551.4676821407338,1893.541410929766,-5.450895814448784E-4
473.3685168709671,1855.6332015241546,0.0031656040108084325
493.763789499324,1781.2075775210465,0.0021150340783242863
859.9999999998284,1277.7777777777774,1.6931717627734878E-4
859.9999999998283,1355.5555555555552,1.9474517917465162E-4
859.9999999998284,1433.3333333333328,2.2017318207195443E-4
781.383428481866,1312.9858122541584,1.9044978419275734E-4
781.383428481866,1390.7635900319362,2.1587778709006018E-4
702.7668569639034,1348.1938467305397,2.115823921081659E-4
712.9447740652231,1493.8806374782653,-4.423769913010202E-4
707.8558155145632,1421.0372421044024,-1.1539729959642718E-4
786.4723870325257,1463.606985405799,-1.1110190461453289E-4
859.9999999998284,1511.1111111111109,-4.3775983518125306E-5
859.9999999998283,1588.8888888888885,-3.0772514910820507E-4
859.9999999998284,1666.6666666666663,-5.716743146982849E-4
786.4723870325256,1541.384763183577,-3.7505107020461263E-4
786.4723870325256,1619.1625409613546,-6.390002357946924E-4
712.944774065223,1571.6584152560429,-7.063261568910999E-4
784.4983161474726,1707.4128246069506,-2.3385482545013584E-4
708.9966322951166,1748.158982547235,1.0396466379801316E-4
710.9707031801698,1659.9086989016391,-3.011807465465434E-4
714.9704948724254,2901.76799411372,-0.010620038569235879
709.9867844953712,2825.3466130342285,-0.011805657816612672
705.0030741183168,2748.9252319547377,-0.012991277063989467
787.4852474361269,2867.550663723526,-0.0034542771494653086
782.5015370590727,2791.129282644035,-0.004639896396842103
859.9999999998284,2833.333333333333,0.0037114842703052614
859.9999999998283,2599.999999999999,-0.004572154269520358
859.9999999998284,2677.7777777777774,-0.0018109414229118184
859.9999999998283,2755.555555555555,9.502714236967213E-4
782.5015370590728,2635.5737270884797,-0.01016232209005918
782.5015370590727,2713.351504866257,-0.007401109243450642
705.0030741183169,2671.1474541769594,-0.015752489910598008
709.5558948582242,2526.1536872724855,-0.004569596929785834
784.7779474290263,2563.076843636242,-0.004570875599653096
707.2794844882706,2598.6505707247225,-0.01016104342019192
859.9999999998283,1899.9999999999993,0.0010390981798362997
784.4983161474726,1862.968380162506,8.399935042395872E-4
708.9966322951166,1825.9367603250125,6.408888286428747E-4
859.9999999998284,1822.2222222222217,5.021740149914383E-4
784.4983161474726,1785.1906023847284,3.0306933939472575E-4
859.9999999998284,1744.4444444444441,-3.4750149853423274E-5
707.0325817789865,1897.2090002489415,-0.001707894834729301
782.5342656313424,1934.2406200864345,-0.0015087901591325887
705.0685312628563,1968.4812401728702,-0.004056678498101477
859.9999999998284,1977.7777777777771,0.001976477963696233
859.9999999998283,2055.5555555555543,0.0029138577475561664
859.9999999998284,2133.3333333333326,0.0038512375314161003
782.5342656313424,2012.0183978642126,-5.714103752726552E-4
782.5342656313424,2089.79617564199,3.659694085872781E-4
705.0685312628563,2046.2590179506476,-0.003119298714241544
713.6083401339847,2195.9385044129936,-0.009454195085936732
709.3384356984204,2121.0987611818205,-0.006286746900089139
786.8041700669065,2164.635918873163,-0.0028014787772603165
859.9999999998286,2211.111111111111,0.0015703744002949966
859.9999999998286,2288.8888888888882,-7.104887308261073E-4
859.9999999998287,2366.6666666666665,-0.0029913518619472113
786.8041700669067,2242.413696650941,-0.005082341908381419
786.8041700669067,2320.1914744287187,-0.007363205039502524
713.6083401339847,2273.716282190771,-0.011735058217057837
859.9999999998286,2522.222222222222,-0.004045220133662643
784.7779474290264,2485.299065858465,-0.00404394146379538
709.5558948582243,2448.3759094947077,-0.0040426627939281175
859.9999999998286,2444.4444444444443,-0.003518285997804927
784.7779474290265,2407.521288080687,-0.003517007327937665
711.5821174961046,2361.0460958427393,-0.007888860505492977
859.9999999998284,2911.111111111111,-8.075930127122349E-4
859.9999999998283,2988.8888888888887,-0.005326670295729732
859.9999999998284,3066.666666666666,-0.00984574757874723
787.4852474361269,2945.328441501304,-0.007973354432482805
787.4852474361269,3023.1062192790814,-0.012492431715500301
714.9704948724253,2979.5457718914968,-0.015139115852253374
859.9999999998286,3222.222222222222,-0.01164384902680388
785.8428481521263,3184.013994816753,0.0027627947211584336
711.6856963044239,3145.805767411284,0.01716943846912075
859.9999999998284,3144.444444444444,-0.010744798302775554
785.8428481521262,3106.2362170389747,0.003661845445186762
713.3280955884247,3062.6757696513905,0.00101516130843369
